{
    "accuracy": 0.5006242197253433,
    "f1": 0.6644295302013423,
    "precision": 0.5003158559696779,
    "recall": 0.9887640449438202
}