{
    "accuracy": 0.48564294631710364,
    "f1": 0.6463519313304721,
    "precision": 0.4924787442773054,
    "recall": 0.9400749063670412
}