{
    "accuracy": 0.50187265917603,
    "f1": 0.007462686567164179,
    "precision": 1.0,
    "recall": 0.003745318352059925
}