{
    "accuracy": 0.9937578027465668,
    "f1": 0.9968691296180339,
    "precision": 1.0,
    "recall": 0.9937578027465668
}