{
    "accuracy": 0.2958801498127341,
    "f1": 0.10191082802547771,
    "precision": 0.14065934065934066,
    "recall": 0.07990012484394507
}