{
    "accuracy": 0.749691738594328,
    "f1": 0.8557213930348259,
    "precision": 0.8839941262848752,
    "recall": 0.8292011019283747
}