{
    "accuracy": 0.5043695380774033,
    "f1": 0.017326732673267328,
    "precision": 1.0,
    "recall": 0.008739076154806492
}