{
    "accuracy": 0.6179775280898876,
    "f1": 0.5659574468085107,
    "precision": 0.6551724137931034,
    "recall": 0.49812734082397003
}