{
    "accuracy": 0.9463171036204744,
    "f1": 0.9490521327014217,
    "precision": 0.90304396843292,
    "recall": 1.0
}