{
    "accuracy": 0.9891415693505429,
    "f1": 0.9939206239963294,
    "precision": 0.997467480142742,
    "recall": 0.9903989027317408
}