{
    "accuracy": 0.41198501872659177,
    "f1": 0.19487179487179487,
    "precision": 0.3089430894308943,
    "recall": 0.14232209737827714
}