{
    "accuracy": 0.9887640449438202,
    "f1": 0.9886363636363636,
    "precision": 1.0,
    "recall": 0.9775280898876404
}