{
    "accuracy": 0.9931335830212235,
    "f1": 0.9931549471064095,
    "precision": 0.9900744416873449,
    "recall": 0.9962546816479401
}