{
    "accuracy": 0.9350811485642946,
    "f1": 0.9664516129032258,
    "precision": 1.0,
    "recall": 0.9350811485642946
}