{
    "accuracy": 0.5930087390761548,
    "f1": 0.6308040770101925,
    "precision": 0.5772020725388601,
    "recall": 0.6953807740324595
}