{
    "accuracy": 0.49812734082397003,
    "f1": 0.6638795986622074,
    "precision": 0.49905719673161536,
    "recall": 0.9912609238451935
}