{
    "accuracy": 0.8439450686641697,
    "f1": 0.8201438848920863,
    "precision": 0.967741935483871,
    "recall": 0.7116104868913857
}