{
    "accuracy": 0.46254681647940077,
    "f1": 0.5522620904836193,
    "precision": 0.4732620320855615,
    "recall": 0.6629213483146067
}