{
    "accuracy": 0.5,
    "f1": 0.6661108795331389,
    "precision": 0.5,
    "recall": 0.9975031210986267
}