{
    "accuracy": 0.8982006408676362,
    "f1": 0.9463566696973633,
    "precision": 0.9011750154607298,
    "recall": 0.9963079447559141
}