{
    "accuracy": 0.7193877551020408,
    "f1": 0.8367952522255193,
    "precision": 1.0,
    "recall": 0.7193877551020408
}