{
    "accuracy": 0.8607990012484394,
    "f1": 0.8778082191780822,
    "precision": 0.7822265625,
    "recall": 1.0
}