{
    "accuracy": 0.9488139825218477,
    "f1": 0.9472329472329473,
    "precision": 0.9774236387782205,
    "recall": 0.9188514357053683
}