{
    "accuracy": 0.966707768187423,
    "f1": 0.9811584089323099,
    "precision": 0.9943422913719944,
    "recall": 0.9683195592286501
}