{
    "accuracy": 0.8619669706679812,
    "f1": 0.9194476409666283,
    "precision": 0.9698073130025793,
    "recall": 0.8740598933406263
}