{
    "accuracy": 0.848314606741573,
    "f1": 0.8682926829268293,
    "precision": 0.7672413793103449,
    "recall": 1.0
}