{
    "accuracy": 0.4875156054931336,
    "f1": 0.32092638544251445,
    "precision": 0.47549019607843135,
    "recall": 0.2421972534332085
}