{
    "accuracy": 0.8714107365792759,
    "f1": 0.8856825749167592,
    "precision": 0.7972027972027972,
    "recall": 0.9962546816479401
}