{
    "accuracy": 0.5299625468164794,
    "f1": 0.11307420494699646,
    "precision": 1.0,
    "recall": 0.0599250936329588
}