{
    "accuracy": 0.9143455755484348,
    "f1": 0.9541707879986812,
    "precision": 0.9214212939378502,
    "recall": 0.9893340626281963
}