{
    "accuracy": 0.06741573033707865,
    "f1": 0.12631578947368421,
    "precision": 1.0,
    "recall": 0.06741573033707865
}