{
    "accuracy": 0.6186224489795918,
    "f1": 0.764381402679275,
    "precision": 1.0,
    "recall": 0.6186224489795918
}