{
    "accuracy": 0.8451935081148564,
    "f1": 0.865945945945946,
    "precision": 0.763584366062917,
    "recall": 1.0
}