{
    "accuracy": 0.9101552871579985,
    "f1": 0.9510113567636583,
    "precision": 0.9349894291754757,
    "recall": 0.9675919595241351
}