{
    "accuracy": 0.6267166042446941,
    "f1": 0.7271897810218978,
    "precision": 0.5729690869877786,
    "recall": 0.9950062421972534
}