{
    "accuracy": 0.7990012484394506,
    "f1": 0.8121353558926487,
    "precision": 0.7623220153340635,
    "recall": 0.8689138576779026
}