{
    "accuracy": 0.8803945745992602,
    "f1": 0.9363099146421536,
    "precision": 0.8946047678795483,
    "recall": 0.9820936639118457
}