{
    "accuracy": 0.66354556803995,
    "f1": 0.7407407407407407,
    "precision": 0.6025039123630673,
    "recall": 0.9612983770287141
}