{
    "accuracy": 0.8813982521847691,
    "f1": 0.9369608493696084,
    "precision": 1.0,
    "recall": 0.8813982521847691
}